vehicle_id,track_mileage
1,18602.78438
2,35684.52504
3,18491.92081
4,19072.71731
