vehicle_id,track_mileage
1,18602.78438
2,41648.1
3,18491.92081
4,19072.71731
